<WebUXGlobalVBScripts>
  <Information Version="14.0" Company="SIEMENS AG" Creator="SIEMENS AG" />
  <ScriptPath>E:\HOC KI II - 2022 -2023\HE THONG SCADA\SCADA HE THONG SAY THANG HOA DP (1)\IM\HMI\R\0\D\HMI_3Z6W\SCRIPTLIB\</ScriptPath>
  <Create>
    <ScriptName>Main_Value</ScriptName>
    <ScriptName>Frequency</ScriptName>
  </Create>
  <Delete>
    <ScriptName>Task_5</ScriptName>
    <ScriptName>Pressure</ScriptName>
    <ScriptName>Pressure_Sensor</ScriptName>
  </Delete>
</WebUXGlobalVBScripts>